File Name,Entry,Sentiment Score
bbc1.txt,"Immigration minister Robert Jenrick has said politicians must be careful with language after the home secretary claimed southern England was facing an ""invasion"" of illegal migrants",-0.4588
bbc1.txt," Mr Jenrick told BBC Radio 4's Today: ""It's not a phrase I've used.""  But he said his boss Suella Braverman was right to be straight with the public about the ""sheer scale"" of illegal migration",-0.5499
bbc1.txt," He said ""more radical options"" were needed to deal with the ""crisis""",0.0
bbc1.txt," Ms Braverman is under pressure to deal with overcrowding at the Manston asylum processing centre in Kent, which has reportedly led to outbreaks of disease and violence",-0.743
bbc1.txt," Braverman was warned about migrant overcrowding Why are there problems at Manston migrant centre? How many migrants cross the Channel in small boats? In a Commons statement, she rejected claims she had deliberately blocked the use of hotels to ease the pressure on Manston and promised to fix the ""hopelessly lax"" asylum system",-0.8738
bbc1.txt," Some 4,000 people are being held at the former RAF base which is only designed to accommodate 1,600 people on a temporary basis",0.0
bbc1.txt, Hundreds of people were moved there on Sunday after a man threw firebombs at a separate immigration centre in Dover,0.0
bbc1.txt,He was later found dead nearby,-0.6486
bbc1.txt," A report from a visit by the chief inspector of prisons in July found the centre had considerably improved but still identified issues such as no access to fresh air or exercise and a lack of beds, with people sleeping on rubber mats on the floor",-0.154
bbc1.txt," Since then, chief inspector Charlie Taylor said the situation had ""significantly deteriorated""",0.0
bbc1.txt," Ms Braverman warned in her statement about using ""inflammatory language"" about illegal immigration but she has been attacked by refugee charities for using the word ""invasion"" to describe the number of people crossing the English Channel in small boats",-0.2732
bbc1.txt," The Refugee Council said: ""To describe the serious and complex situation created by the asylum crisis as an 'invasion' is appalling, wrong and dangerous",-0.9022
bbc1.txt," ""These are men, women and children fleeing war, persecution and conflict.""  Asked on Today if Ms Braverman had been wrong to use the word, Mr Jenrick said: ""I think in this job you do have to use your language carefully but you also have to accept that many millions of people across this country are rightfully extremely concerned about this issue and we mustn't diminish that",0.0387
bbc1.txt," ""It's not a phrase that I've used but I do understand the need to be straightforward with the general public about the challenge that we as ministers face.""  Speaking to BBC Breakfast, Mr Jenrick said conditions at Manston were ""not as we would want them to be"" and ministers needed to ""ensure it returns to a well-run, compassionate, humane site""",0.8625
bbc1.txt," He blamed the ""sheer number of migrants who have crossed the Channel in recent weeks"" for putting ""immense pressure"" on the system",-0.6124
bbc1.txt," However, he said reports of outbreaks of diphtheria, MRSA and scabies at Manston were ""exaggerated"" and the four cases of diphtheria were individuals who had arrived at the site with the condition",0.0
bbc1.txt," People are only supposed to be kept at Manston for 24 hours for security and identity checks, before being moved into the Home Office's asylum accommodation system, which often means a hotel",0.34
bbc1.txt," When the chief inspector of immigration visited last week, he found some people had been there for over a month",0.0
bbc1.txt,"That included one family who had been there for 32 days, sleeping on mats in a marquee",0.0
bbc1.txt, Sources have told the BBC the home secretary was warned by officials the government was acting outside the law by failing to provide alternative accommodation,-0.6597
bbc1.txt,"Labour's shadow home secretary Yvette Cooper said: ""No home secretary who was serious about public safety or national security would use highly inflammatory language on the day after a dangerous petrol bomb attack on a Dover initial processing centre.""  The SNP said Ms Braverman's ""incendiary language makes a mockery of [prime minister] Rishi Sunak's claims about so-called compassionate conservatism""",-0.7003
bbc1.txt," But Nigel Farage, former leader of the Brexit Party and UKIP, said in a Twitter video Ms Braverman was right to use the word ""invasion""",0.5499
bbc1.txt," ""I really hope she stays in post but believe me the establishment are out to get her because she's go the guts to say many of these people are just not refugees,"" he added",0.2724
bbc1.txt," A record number of migrants have arrived in the UK on small boats this year, with nearly 1,000 making the crossing on Saturday, a further 468 crossing on Sunday and 46 on Monday",0.0772
bbc1.txt," The home secretary told MPs on Monday that taxpayers face ""a bill of 6.8m a day for hotel accommodation"" for migrants.",0.0
bbc2.txt,Taylor Swift has become the first artist in history to claim every slot in the top 10 of the US singles chart,0.3818
bbc2.txt," She overtakes Drake, who held the previous record of nine top 10 singles in September 2021",0.2023
bbc2.txt,"Before him, the Beatles scored eight top 10s in 1964",0.2023
bbc2.txt," Swift's chart domination is thanks to her latest album, Midnights, which has become 2022's fastest-selling release",0.4019
bbc2.txt," ""10 out of 10 of the Hot 100??? On my 10th album??? I AM IN SHAMBLES,"" tweeted the pop star",0.0
bbc2.txt," The 32-year-old claims the number one spot with the single Anti-Hero, whose chorus, ""It's me",0.0772
bbc2.txt,"Hi! I'm the problem, it's me,"" has quickly become a Tik Tok trend",-0.4574
bbc2.txt," The rest of the top 10 includes album tracks like Lavender Haze, Maroon, Snow On The Beach, Bejewelled and Karma",0.5106
bbc2.txt," All 13 of the songs on Midnights' standard edition make the top 15, interrupted only by Sam Smith's Unholy at 11 and Steve Lacy's Bad Habits at 12",-0.5994
bbc2.txt," The seven bonus tracks from Midnights' deluxe ""3am edition"" appear between numbers 20 and 45",0.5423
bbc2.txt,Swift took fans by surprise when she announced the new album in the closing moments of the 2022 MTV VMAs in New Jersey in August,0.4404
bbc2.txt," She has described the record as the story of ""13 sleepless nights scattered throughout my life"" and ""a journey through terrors and sweet dreams""",0.2732
bbc2.txt," It sees the star return to the pop palette of her pre-pandemic albums, after the homespun indie-folk of Evermore and Folklore, both released in 2020",0.0
bbc2.txt," But the subdued sounds of those records persists, and her late-night tales are painted in more muted tones than hits like Shake It Off and Lover",0.8126
bbc2.txt," Part of its success is due to a clever marketing campaign, which saw the album released in multiple collectible formats - including four vinyl editions which combine to make a clock",0.7717
bbc2.txt," But Billboard reported that Swift's Top 10 takeover would have been achieved by streams alone, before sales and radio play were counted",0.4215
bbc2.txt," Midnights debuted at number one in the US album chart, selling 1.4 million copies - with more than one million of those on CD and vinyl, an almost unheard of figure in the streaming era",0.0772
bbc2.txt," The album similarly tops the UK chart with sales of 204,000, making it the first album to crack the 200,000 sales barrier since Adele's 30 just under a year ago",0.4215
bbc2.txt," Surprisingly, that figure represents the biggest first-week sales of Swift's UK chart career",0.296
bbc2.txt,"Her previous best was for the album 1989, which shifted 90,300 copies in 2014",0.6369
bbc2.txt,"However, she cannot replicate her domination of the US singles countdown - due to a UK chart rule that only allows three songs by one artist to appear in the Top 100 at the same time",0.2378
bbc2.txt," Without that restriction, Swift would have had eight of this week's top 10 singles",0.2551
bbc2.txt,"Instead, she has to content herself with being number one (Anti-Hero), three (Lavender Haze) and four (Snow On The Beach)",0.0772
bbc2.txt," Last week's number one, Sam Smith's Unholy, clings on at number two, denying Swift a clean sweep at the top of the charts",0.5423
bbc2.txt, Billboard magazine said Swift's latest album had helped her break several records,0.0
bbc2.txt," She now boasts the most top 10 hits among women in the chart's history, with her total of 40 surpassing Madonna's 38",0.2716
bbc2.txt,"Amongst all acts, she trails only Drake, who has 59 top 10s",0.2023
bbc2.txt, Midnights is also the first album in history to spawn 10 top 10 singles,0.2023
bbc2.txt," Swift also broke records for the most streams of a single album in one day on Spotify, Apple and Amazon Music",-0.0772
bbc2.txt," In the UK, Midnights sold 62,000 copies on vinyl alone - the highest weekly sale for any vinyl album in the 21st century.",-0.25
