File Name,Entry,Topic 1,Topic 2,Topic 3
bbc1.txt,"Immigration minister Robert Jenrick has said politicians must be careful with language after the home secretary claimed southern England was facing an ""invasion"" of illegal migrants",migrant - secretary - language - home - minister - invasion,,
bbc1.txt," Mr Jenrick told BBC Radio 4's Today: ""It's not a phrase I've used.""  But he said his boss Suella Braverman was right to be straight with the public about the ""sheer scale"" of illegal migration",use,,
bbc1.txt," He said ""more radical options"" were needed to deal with the ""crisis""",,,
bbc1.txt," Ms Braverman is under pressure to deal with overcrowding at the Manston asylum processing centre in Kent, which has reportedly led to outbreaks of disease and violence",centre - asylum,,
bbc1.txt," Braverman was warned about migrant overcrowding Why are there problems at Manston migrant centre? How many migrants cross the Channel in small boats? In a Commons statement, she rejected claims she had deliberately blocked the use of hotels to ease the pressure on Manston and promised to fix the ""hopelessly lax"" asylum system",use - migrant - centre - asylum,,
bbc1.txt," Some 4,000 people are being held at the former RAF base which is only designed to accommodate 1,600 people on a temporary basis",people,,
bbc1.txt, Hundreds of people were moved there on Sunday after a man threw firebombs at a separate immigration centre in Dover,people - centre,,
bbc1.txt,He was later found dead nearby,,,
bbc1.txt," A report from a visit by the chief inspector of prisons in July found the centre had considerably improved but still identified issues such as no access to fresh air or exercise and a lack of beds, with people sleeping on rubber mats on the floor",people - centre,,
bbc1.txt," Since then, chief inspector Charlie Taylor said the situation had ""significantly deteriorated""",,,
bbc1.txt," Ms Braverman warned in her statement about using ""inflammatory language"" about illegal immigration but she has been attacked by refugee charities for using the word ""invasion"" to describe the number of people crossing the English Channel in small boats",people - language - invasion,number,
bbc1.txt," The Refugee Council said: ""To describe the serious and complex situation created by the asylum crisis as an 'invasion' is appalling, wrong and dangerous",asylum - invasion,,
bbc1.txt," ""These are men, women and children fleeing war, persecution and conflict.""  Asked on Today if Ms Braverman had been wrong to use the word, Mr Jenrick said: ""I think in this job you do have to use your language carefully but you also have to accept that many millions of people across this country are rightfully extremely concerned about this issue and we mustn't diminish that",use - people - language,,cut
bbc1.txt," ""It's not a phrase that I've used but I do understand the need to be straightforward with the general public about the challenge that we as ministers face.""  Speaking to BBC Breakfast, Mr Jenrick said conditions at Manston were ""not as we would want them to be"" and ministers needed to ""ensure it returns to a well-run, compassionate, humane site""",use - minister,,
bbc1.txt," He blamed the ""sheer number of migrants who have crossed the Channel in recent weeks"" for putting ""immense pressure"" on the system",migrant,number,
bbc1.txt," However, he said reports of outbreaks of diphtheria, MRSA and scabies at Manston were ""exaggerated"" and the four cases of diphtheria were individuals who had arrived at the site with the condition",,,
bbc1.txt," People are only supposed to be kept at Manston for 24 hours for security and identity checks, before being moved into the Home Office's asylum accommodation system, which often means a hotel",asylum,,
bbc1.txt," When the chief inspector of immigration visited last week, he found some people had been there for over a month",people,,
bbc1.txt,"That included one family who had been there for 32 days, sleeping on mats in a marquee",,,
bbc1.txt, Sources have told the BBC the home secretary was warned by officials the government was acting outside the law by failing to provide alternative accommodation,secretary - home,,
bbc1.txt,"Labour's shadow home secretary Yvette Cooper said: ""No home secretary who was serious about public safety or national security would use highly inflammatory language on the day after a dangerous petrol bomb attack on a Dover initial processing centre.""  The SNP said Ms Braverman's ""incendiary language makes a mockery of [prime minister] Rishi Sunak's claims about so-called compassionate conservatism""",use - secretary - centre - language - home - minister,,
bbc1.txt," But Nigel Farage, former leader of the Brexit Party and UKIP, said in a Twitter video Ms Braverman was right to use the word ""invasion""",use - invasion,,
bbc1.txt," ""I really hope she stays in post but believe me the establishment are out to get her because she's go the guts to say many of these people are just not refugees,"" he added",use - people,,add
bbc1.txt," A record number of migrants have arrived in the UK on small boats this year, with nearly 1,000 making the crossing on Saturday, a further 468 crossing on Sunday and 46 on Monday",migrant,number - record,
bbc1.txt," The home secretary told MPs on Monday that taxpayers face ""a bill of 6.8m a day for hotel accommodation"" for migrants.",migrant - secretary - home,,pay
bbc2.txt,Taylor Swift has become the first artist in history to claim every slot in the top 10 of the US singles chart,,top - chart - single - first,
bbc2.txt," She overtakes Drake, who held the previous record of nine top 10 singles in September 2021",,top - single - record,
bbc2.txt,"Before him, the Beatles scored eight top 10s in 1964",,top,
bbc2.txt," Swift's chart domination is thanks to her latest album, Midnights, which has become 2022's fastest-selling release",,album - chart - sell,
bbc2.txt," ""10 out of 10 of the Hot 100??? On my 10th album??? I AM IN SHAMBLES,"" tweeted the pop star",,album,
bbc2.txt," The 32-year-old claims the number one spot with the single Anti-Hero, whose chorus, ""It's me",,single - number,
bbc2.txt,"Hi! I'm the problem, it's me,"" has quickly become a Tik Tok trend",,,
bbc2.txt," The rest of the top 10 includes album tracks like Lavender Haze, Maroon, Snow On The Beach, Bejewelled and Karma",,album - top,
bbc2.txt," All 13 of the songs on Midnights' standard edition make the top 15, interrupted only by Sam Smith's Unholy at 11 and Steve Lacy's Bad Habits at 12",,top,
bbc2.txt," The seven bonus tracks from Midnights' deluxe ""3am edition"" appear between numbers 20 and 45",,number,
bbc2.txt,Swift took fans by surprise when she announced the new album in the closing moments of the 2022 MTV VMAs in New Jersey in August,,album,rise
bbc2.txt," She has described the record as the story of ""13 sleepless nights scattered throughout my life"" and ""a journey through terrors and sweet dreams""",,record,
bbc2.txt," It sees the star return to the pop palette of her pre-pandemic albums, after the homespun indie-folk of Evermore and Folklore, both released in 2020",home,album,
bbc2.txt," But the subdued sounds of those records persists, and her late-night tales are painted in more muted tones than hits like Shake It Off and Lover",,record,
bbc2.txt," Part of its success is due to a clever marketing campaign, which saw the album released in multiple collectible formats - including four vinyl editions which combine to make a clock",,album - vinyl,
bbc2.txt," But Billboard reported that Swift's Top 10 takeover would have been achieved by streams alone, before sales and radio play were counted",,sale,
bbc2.txt," Midnights debuted at number one in the US album chart, selling 1.4 million copies - with more than one million of those on CD and vinyl, an almost unheard of figure in the streaming era",,album - chart - number - vinyl - sell,
bbc2.txt," The album similarly tops the UK chart with sales of 204,000, making it the first album to crack the 200,000 sales barrier since Adele's 30 just under a year ago",,album - top - chart - sale - first,
bbc2.txt," Surprisingly, that figure represents the biggest first-week sales of Swift's UK chart career",,chart - sale - first,
bbc2.txt,"Her previous best was for the album 1989, which shifted 90,300 copies in 2014",,album,
bbc2.txt,"However, she cannot replicate her domination of the US singles countdown - due to a UK chart rule that only allows three songs by one artist to appear in the Top 100 at the same time",,chart - single,
bbc2.txt," Without that restriction, Swift would have had eight of this week's top 10 singles",,top - single,
bbc2.txt,"Instead, she has to content herself with being number one (Anti-Hero), three (Lavender Haze) and four (Snow On The Beach)",,number,
bbc2.txt," Last week's number one, Sam Smith's Unholy, clings on at number two, denying Swift a clean sweep at the top of the charts",,top - chart - number,
bbc2.txt, Billboard magazine said Swift's latest album had helped her break several records,,album - record,
bbc2.txt," She now boasts the most top 10 hits among women in the chart's history, with her total of 40 surpassing Madonna's 38",,top - chart,
bbc2.txt,"Amongst all acts, she trails only Drake, who has 59 top 10s",,top,
bbc2.txt, Midnights is also the first album in history to spawn 10 top 10 singles,,album - top - single - first,
bbc2.txt," Swift also broke records for the most streams of a single album in one day on Spotify, Apple and Amazon Music",,album - single - record,
bbc2.txt," In the UK, Midnights sold 62,000 copies on vinyl alone - the highest weekly sale for any vinyl album in the 21st century.",,album - sale - vinyl,
bbc6.txt,"Many schools in England are considering cutting teachers or teaching hours to save money, says the head teachers' union, NAHT",,,school - teacher - cut
bbc6.txt," Of the 11,000 respondents to NAHT's snapshot survey, 66% said they will have to make teaching assistants redundant or cut their hours",,,cut
bbc6.txt,Half say they could do the same for teachers,,,teacher
bbc6.txt," School funding is increasing, but costs such as pay and energy are rising fast",,,cost - pay - funding
bbc6.txt, The government said it had increased school funding by PS4bn this year,,,school - increase - funding
bbc6.txt," Ahead of the government's Autumn Statement next week, which is expected to bring widespread public funding cuts, the NAHT asked heads and other senior school staff about managing their budgets",,,school - cut - budget - funding
bbc6.txt," The 11,000 responses from NAHT members, who mostly teach in primary rather than secondary schools, give a good overview of the decisions they are making this school year",,,school
bbc6.txt, More than half of those who replied (54%) said they would not be able to balance their budgets unless they make spending cuts,,,cut - budget
bbc6.txt," Many also warned they would have to reduce support for children, such as counselling for mental health issues, or extra help for individual pupils",,sell,
bbc6.txt," Claire Evans, head teacher at Eaton Valley Primary in West Bromwich, said her school is having to shoulder ""unsustainable"" price increases in an attempt to avoid passing rising costs on to parents",,,school - teacher - cost - increase
bbc6.txt," Most of a school's budget goes on pay, so the 5% pay increase that most teachers in England received in September has had a big knock-on impact on finances",,,school - teacher - pay - increase - budget
bbc6.txt," For Eaton Valley, it has added PS90,000 to the annual bill for staff costs, which it is expected to find from within its existing budget",,,cost - budget - add
bbc6.txt, Other costs are spiralling too,,,cost
bbc6.txt,"A bus for a reception class trip to a farm has jumped from PS870 to PS1,070, and basic supplies like exercise books have gone up from 54p each to 65p",,,
bbc6.txt," The school's caterers say they will charge PS18,000 more for their services from April, as well as putting up costs per meal which takes it from PS2.30 to PS2.87",,,school - cost
bbc6.txt," ""When you add that to the rise in milk, to the rise in paper, to the rise in costs in school trips, to the pay rise for all teachers and teaching assistants, it becomes unsustainable in the future,"" Mrs Evans told the BBC",,,school - rise - teacher - cost - pay - add
bbc6.txt," A fixed energy deal puts Eaton Valley in a better place than many other schools, so it is not planning to make any teachers redundant",,,school - teacher
bbc6.txt," But it has decided not to replace teaching assistants who have left, in a bid to save money",,,
bbc6.txt,"It is cutting spending on classroom materials for children by PS45,000 this year",,,cut
bbc6.txt," Independent economists at the Institute for Fiscal Studies say after almost a decade of falling spending per pupil from 2010 to 2019, school budgets have started to rise in cash terms, but costs are increasing faster",,,school - rise - cost - budget
bbc6.txt," Paul Whiteman, NAHT general secretary, said schools had ""made all the easy savings already""",secretary,,school
bbc6.txt," ""The only things left to cut are things that will have a real immediate impact on children - and especially those who are already the most disadvantaged and vulnerable,"" he said, adding that the government must take ""urgent action"" to boost education spending",,,cut - add
bbc6.txt," Some schools have already told the BBC they might have to axe school trips and music lessons to avoid cutting staff, as they struggle to pay teachers their 5% rise",,,school - rise - teacher - cut - pay
bbc6.txt," Teachers are considering going on strike over the pay rises, which education unions say are far below inflation, but the government describes as the highest in a generation",,,rise - pay
bbc6.txt," The Department for Education said it understood the challenges caused by high inflation, adding that all schools could benefit from the Energy Bill Relief Scheme and the core funding for schools had risen to PS53.8bn this year",use,,school - rise - funding - add
bbc6.txt," Bridget Phillipson, Labour's shadow education secretary, said the prime minister could help ""suffering"" schools by ending tax benefits for private schools, and investing that money ""in our brilliant state schools""",secretary - minister,,school
bbc6.txt," Labour leader Sir Keir Starmer said in the summer that if he won the next general election he would stop private schools from having the benefit of charitable status, which gives certain advantages such as being able to pay less tax.",,top,school - pay
